{"version":2,"intensity":0,"info":{"face":"Courier Prime Bold Italic","maps":[{"width":1024,"height":512}]},"chars":{"32":{"id":32,"letter":" ","x":1,"y":1,"width":64,"height":64,"map":0,"xadvance":19.1875,"xoffset":31.5,"yoffset":31.5,"scale":1,"range":8},"33":{"id":33,"letter":"!","x":67,"y":1,"width":64,"height":64,"map":0,"xadvance":19.1875,"xoffset":21.7244791667,"yoffset":22.7265625,"scale":1,"range":8,"bounds":[6.21875,-0.34375,14.3322916667,18.890625]},"34":{"id":34,"letter":"\"","x":133,"y":1,"width":64,"height":64,"map":0,"xadvance":19.1875,"xoffset":20.3772977941,"yoffset":17.78125,"scale":1,"range":8,"bounds":[5.31158088235,9.546875,17.9338235294,18.890625]},"35":{"id":35,"letter":"#","x":199,"y":1,"width":64,"height":64,"map":0,"xadvance":19.1875,"xoffset":21.8660714286,"yoffset":22.7265625,"scale":1,"range":8,"bounds":[0.4375,-0.34375,19.8303571429,18.890625]},"36":{"id":36,"letter":"$","x":265,"y":1,"width":64,"height":64,"map":0,"xadvance":19.1875,"xoffset":22.0784274194,"yoffset":22.7265625,"scale":1,"range":8,"bounds":[2.10625,-1.953125,17.7368951613,20.5]},"37":{"id":37,"letter":"%","x":331,"y":1,"width":64,"height":64,"map":0,"xadvance":19.1875,"xoffset":21.8743617239,"yoffset":22.7265625,"scale":1,"range":8,"bounds":[0.796415441176,-0.34375,19.4548611111,18.890625]},"38":{"id":38,"letter":"&","x":397,"y":1,"width":64,"height":64,"map":0,"xadvance":19.1875,"xoffset":22.25,"yoffset":22.7265625,"scale":1,"range":8,"bounds":[1.40625,-0.34375,18.09375,18.890625]},"39":{"id":39,"letter":"'","x":463,"y":1,"width":64,"height":64,"map":0,"xadvance":19.1875,"xoffset":20.3772977941,"yoffset":17.78125,"scale":1,"range":8,"bounds":[8.90533088235,9.546875,14.3400735294,18.890625]},"40":{"id":40,"letter":"(","x":529,"y":1,"width":64,"height":64,"map":0,"xadvance":19.1875,"xoffset":21.6473214286,"yoffset":24.8329190341,"scale":1,"range":8,"bounds":[3.984375,-6.31818181818,16.7209821429,20.65234375]},"41":{"id":41,"letter":")","x":595,"y":1,"width":64,"height":64,"map":0,"xadvance":19.1875,"xoffset":22.859375,"yoffset":24.8233309659,"scale":1,"range":8,"bounds":[2.765625,-6.30859375,15.515625,20.6619318182]},"42":{"id":42,"letter":"*","x":661,"y":1,"width":64,"height":64,"map":0,"xadvance":19.1875,"xoffset":21.1245982143,"yoffset":19.5330038265,"scale":1,"range":8,"bounds":[4.2575,6.04336734694,17.4933035714,18.890625]},"43":{"id":43,"letter":"+","x":727,"y":1,"width":64,"height":64,"map":0,"xadvance":19.1875,"xoffset":22.40625,"yoffset":22.90625,"scale":1,"range":8,"bounds":[2.65625,2.15625,16.53125,16.03125]},"44":{"id":44,"letter":",","x":793,"y":1,"width":64,"height":64,"map":0,"xadvance":19.1875,"xoffset":23.828823772,"yoffset":31.53125,"scale":1,"range":8,"bounds":[3.82459677419,-4.59375,12.5177556818,5.53125]},"45":{"id":45,"letter":"-","x":859,"y":1,"width":64,"height":64,"map":0,"xadvance":19.1875,"xoffset":21.9129464286,"yoffset":22.8984375,"scale":1,"range":8,"bounds":[3.046875,7.34375,17.1272321429,10.859375]},"46":{"id":46,"letter":".","x":925,"y":1,"width":64,"height":64,"map":0,"xadvance":19.1875,"xoffset":23,"yoffset":29.09375,"scale":1,"range":8,"bounds":[5.734375,-0.34375,12.265625,6.15625]},"47":{"id":47,"letter":"/","x":1,"y":67,"width":64,"height":64,"map":0,"xadvance":19.1875,"xoffset":22.078125,"yoffset":23.8828125,"scale":1,"range":8,"bounds":[0.9025,-4.6875,18.94125,20.921875]},"48":{"id":48,"letter":"0","x":67,"y":67,"width":64,"height":64,"map":0,"xadvance":19.1875,"xoffset":21.8671875,"yoffset":22.7265625,"scale":1,"range":8,"bounds":[2.421875,-0.34375,17.84375,18.890625]},"49":{"id":49,"letter":"1","x":133,"y":67,"width":64,"height":64,"map":0,"xadvance":19.1875,"xoffset":22.53125,"yoffset":22.5265213816,"scale":1,"range":8,"bounds":[2.671875,0,16.265625,18.9469572368]},"50":{"id":50,"letter":"2","x":199,"y":67,"width":64,"height":64,"map":0,"xadvance":19.1875,"xoffset":22.6875,"yoffset":22.5546875,"scale":1,"range":8,"bounds":[1.5625,0,17.0625,18.890625]},"51":{"id":51,"letter":"3","x":265,"y":67,"width":64,"height":64,"map":0,"xadvance":19.1875,"xoffset":22.260237069,"yoffset":22.7265625,"scale":1,"range":8,"bounds":[2.33890086207,-0.34375,17.140625,18.890625]},"52":{"id":52,"letter":"4","x":331,"y":67,"width":64,"height":64,"map":0,"xadvance":19.1875,"xoffset":22.28125,"yoffset":22.5546875,"scale":1,"range":8,"bounds":[1.984375,0,17.453125,18.890625]},"53":{"id":53,"letter":"5","x":397,"y":67,"width":64,"height":64,"map":0,"xadvance":19.1875,"xoffset":22.197737069,"yoffset":22.8984375,"scale":1,"range":8,"bounds":[2.26077586207,-0.34375,17.34375,18.546875]},"54":{"id":54,"letter":"6","x":463,"y":67,"width":64,"height":64,"map":0,"xadvance":19.1875,"xoffset":21.9045138889,"yoffset":22.7262731481,"scale":1,"range":8,"bounds":[2.671875,-0.34375,17.5190972222,18.8912037037]},"55":{"id":55,"letter":"7","x":529,"y":67,"width":64,"height":64,"map":0,"xadvance":19.1875,"xoffset":20.6103515625,"yoffset":22.8984375,"scale":1,"range":8,"bounds":[3.919921875,-0.34375,18.859375,18.546875]},"56":{"id":56,"letter":"8","x":595,"y":67,"width":64,"height":64,"map":0,"xadvance":19.1875,"xoffset":22.15625,"yoffset":22.7265625,"scale":1,"range":8,"bounds":[2.46875,-0.34375,17.21875,18.890625]},"57":{"id":57,"letter":"9","x":661,"y":67,"width":64,"height":64,"map":0,"xadvance":19.1875,"xoffset":21.6111111111,"yoffset":22.7268629808,"scale":1,"range":8,"bounds":[3.19965277778,-0.344350961538,17.578125,18.890625]},"58":{"id":58,"letter":":","x":727,"y":67,"width":64,"height":64,"map":0,"xadvance":19.1875,"xoffset":22.25,"yoffset":24.78125,"scale":1,"range":8,"bounds":[5.96875,-0.34375,13.53125,14.78125]},"59":{"id":59,"letter":";","x":793,"y":67,"width":64,"height":64,"map":0,"xadvance":19.1875,"xoffset":23.3220766129,"yoffset":26.90625,"scale":1,"range":8,"bounds":[3.82459677419,-4.59375,13.53125,14.78125]},"60":{"id":60,"letter":"<","x":859,"y":67,"width":64,"height":64,"map":0,"xadvance":19.1875,"xoffset":21.609375,"yoffset":22.9330280172,"scale":1,"range":8,"bounds":[2.3125,1.17456896552,18.46875,16.959375]},"61":{"id":61,"letter":"=","x":925,"y":67,"width":64,"height":64,"map":0,"xadvance":19.1875,"xoffset":21.90625,"yoffset":22.8984375,"scale":1,"range":8,"bounds":[2.421875,3.765625,17.765625,14.4375]},"62":{"id":62,"letter":">","x":1,"y":133,"width":64,"height":64,"map":0,"xadvance":19.1875,"xoffset":22.2076612903,"yoffset":22.8538860453,"scale":1,"range":8,"bounds":[1.70967741935,1.248046875,17.875,17.0441810345]},"63":{"id":63,"letter":"?","x":67,"y":133,"width":64,"height":64,"map":0,"xadvance":19.1875,"xoffset":21.2509765625,"yoffset":22.7265625,"scale":1,"range":8,"bounds":[4.498046875,-0.34375,17,18.890625]},"64":{"id":64,"letter":"@","x":133,"y":133,"width":64,"height":64,"map":0,"xadvance":19.1875,"xoffset":22.3125,"yoffset":24.7734375,"scale":1,"range":8,"bounds":[0.375,-2.390625,19,16.84375]},"65":{"id":65,"letter":"A","x":199,"y":133,"width":64,"height":64,"map":0,"xadvance":19.1875,"xoffset":23.2109375,"yoffset":22.7265625,"scale":1,"range":8,"bounds":[-1.046875,0,18.625,18.546875]},"66":{"id":66,"letter":"B","x":265,"y":133,"width":64,"height":64,"map":0,"xadvance":19.1875,"xoffset":22.9375,"yoffset":22.7265625,"scale":1,"range":8,"bounds":[0.171875,0,17.953125,18.546875]},"67":{"id":67,"letter":"C","x":331,"y":133,"width":64,"height":64,"map":0,"xadvance":19.1875,"xoffset":21.2548076923,"yoffset":22.7265625,"scale":1,"range":8,"bounds":[2,-0.34375,19.4903846154,18.890625]},"68":{"id":68,"letter":"D","x":397,"y":133,"width":64,"height":64,"map":0,"xadvance":19.1875,"xoffset":22.6328125,"yoffset":22.7265625,"scale":1,"range":8,"bounds":[0.015625,0,18.71875,18.546875]},"69":{"id":69,"letter":"E","x":463,"y":133,"width":64,"height":64,"map":0,"xadvance":19.1875,"xoffset":22.390625,"yoffset":22.7265625,"scale":1,"range":8,"bounds":[0.015625,0,19.203125,18.546875]},"70":{"id":70,"letter":"F","x":529,"y":133,"width":64,"height":64,"map":0,"xadvance":19.1875,"xoffset":22.234375,"yoffset":22.7265625,"scale":1,"range":8,"bounds":[0.015625,0,19.515625,18.546875]},"71":{"id":71,"letter":"G","x":595,"y":133,"width":64,"height":64,"map":0,"xadvance":19.1875,"xoffset":21.7235576923,"yoffset":22.7265625,"scale":1,"range":8,"bounds":[1.53125,-0.34375,19.0216346154,18.890625]},"72":{"id":72,"letter":"H","x":661,"y":133,"width":64,"height":64,"map":0,"xadvance":19.1875,"xoffset":21.8683035714,"yoffset":22.7265625,"scale":1,"range":8,"bounds":[-0.127232142857,0,20.390625,18.546875]},"73":{"id":73,"letter":"I","x":727,"y":133,"width":64,"height":64,"map":0,"xadvance":19.1875,"xoffset":21.875,"yoffset":22.7265625,"scale":1,"range":8,"bounds":[2.046875,0,18.203125,18.546875]},"74":{"id":74,"letter":"J","x":793,"y":133,"width":64,"height":64,"map":0,"xadvance":19.1875,"xoffset":21.4203125,"yoffset":22.8984375,"scale":1,"range":8,"bounds":[0.925,-0.34375,20.234375,18.546875]},"75":{"id":75,"letter":"K","x":859,"y":133,"width":64,"height":64,"map":0,"xadvance":19.1875,"xoffset":21.7511160714,"yoffset":22.7265625,"scale":1,"range":8,"bounds":[-0.127232142857,0,20.625,18.546875]},"76":{"id":76,"letter":"L","x":925,"y":133,"width":64,"height":64,"map":0,"xadvance":19.1875,"xoffset":23.05859375,"yoffset":22.7265625,"scale":1,"range":8,"bounds":[0.015625,0,17.8671875,18.546875]},"77":{"id":77,"letter":"M","x":1,"y":199,"width":64,"height":64,"map":0,"xadvance":19.1875,"xoffset":22.0245535714,"yoffset":22.7265625,"scale":1,"range":8,"bounds":[-0.752232142857,0,20.703125,18.546875]},"78":{"id":78,"letter":"N","x":67,"y":199,"width":64,"height":64,"map":0,"xadvance":19.1875,"xoffset":21.7120535714,"yoffset":22.8984375,"scale":1,"range":8,"bounds":[-0.127232142857,-0.34375,20.703125,18.546875]},"79":{"id":79,"letter":"O","x":133,"y":199,"width":64,"height":64,"map":0,"xadvance":19.1875,"xoffset":21.8671875,"yoffset":22.7265625,"scale":1,"range":8,"bounds":[1.375,-0.34375,18.890625,18.890625]},"80":{"id":80,"letter":"P","x":199,"y":199,"width":64,"height":64,"map":0,"xadvance":19.1875,"xoffset":22.546875,"yoffset":22.7265625,"scale":1,"range":8,"bounds":[0.015625,0,18.890625,18.546875]},"81":{"id":81,"letter":"Q","x":265,"y":199,"width":64,"height":64,"map":0,"xadvance":19.1875,"xoffset":21.8125,"yoffset":24.7952586207,"scale":1,"range":8,"bounds":[1.40625,-4.48114224138,18.96875,18.890625]},"82":{"id":82,"letter":"R","x":331,"y":199,"width":64,"height":64,"map":0,"xadvance":19.1875,"xoffset":22.765625,"yoffset":22.7265625,"scale":1,"range":8,"bounds":[0.015625,0,18.453125,18.546875]},"83":{"id":83,"letter":"S","x":397,"y":199,"width":64,"height":64,"map":0,"xadvance":19.1875,"xoffset":22.1409274194,"yoffset":22.7265625,"scale":1,"range":8,"bounds":[1.48125,-0.34375,18.2368951613,18.890625]},"84":{"id":84,"letter":"T","x":463,"y":199,"width":64,"height":64,"map":0,"xadvance":19.1875,"xoffset":20.99609375,"yoffset":22.7265625,"scale":1,"range":8,"bounds":[2.3359375,0,19.671875,18.546875]},"85":{"id":85,"letter":"U","x":529,"y":199,"width":64,"height":64,"map":0,"xadvance":19.1875,"xoffset":20.578125,"yoffset":22.8984375,"scale":1,"range":8,"bounds":[2.453125,-0.34375,20.390625,18.546875]},"86":{"id":86,"letter":"V","x":595,"y":199,"width":64,"height":64,"map":0,"xadvance":19.1875,"xoffset":20.515625,"yoffset":22.8984375,"scale":1,"range":8,"bounds":[1.640625,-0.34375,21.328125,18.546875]},"87":{"id":87,"letter":"W","x":661,"y":199,"width":64,"height":64,"map":0,"xadvance":19.1875,"xoffset":20.515625,"yoffset":22.8984375,"scale":1,"range":8,"bounds":[1.484375,-0.34375,21.484375,18.546875]},"88":{"id":88,"letter":"X","x":727,"y":199,"width":64,"height":64,"map":0,"xadvance":19.1875,"xoffset":22.1026785714,"yoffset":22.7265625,"scale":1,"range":8,"bounds":[-0.439732142857,0,20.234375,18.546875]},"89":{"id":89,"letter":"Y","x":793,"y":199,"width":64,"height":64,"map":0,"xadvance":19.1875,"xoffset":20.515625,"yoffset":22.7265625,"scale":1,"range":8,"bounds":[2.421875,0,20.546875,18.546875]},"90":{"id":90,"letter":"Z","x":859,"y":199,"width":64,"height":64,"map":0,"xadvance":19.1875,"xoffset":21.953125,"yoffset":22.7265625,"scale":1,"range":8,"bounds":[1.390625,0,18.703125,18.546875]},"91":{"id":91,"letter":"[","x":925,"y":199,"width":64,"height":64,"map":0,"xadvance":19.1875,"xoffset":22.359375,"yoffset":24.8203125,"scale":1,"range":8,"bounds":[2.484375,-6.140625,16.796875,20.5]},"92":{"id":92,"letter":"\\","x":1,"y":265,"width":64,"height":64,"map":0,"xadvance":19.1875,"xoffset":22.0827938988,"yoffset":23.8828125,"scale":1,"range":8,"bounds":[4.88988095238,-4.6875,14.94453125,20.921875]},"93":{"id":93,"letter":"]","x":67,"y":265,"width":64,"height":64,"map":0,"xadvance":19.1875,"xoffset":22.125,"yoffset":24.8203125,"scale":1,"range":8,"bounds":[2.71875,-6.140625,17.03125,20.5]},"94":{"id":94,"letter":"^","x":133,"y":265,"width":64,"height":64,"map":0,"xadvance":19.1875,"xoffset":21.9983901515,"yoffset":18.90625,"scale":1,"range":8,"bounds":[3.42083333333,7.296875,16.5823863636,18.890625]},"95":{"id":95,"letter":"_","x":199,"y":265,"width":64,"height":64,"map":0,"xadvance":19.1875,"xoffset":23.0390625,"yoffset":38.2578125,"scale":1,"range":8,"bounds":[-1.371875,-8.015625,19.29375,-4.5]},"96":{"id":96,"letter":"`","x":265,"y":265,"width":64,"height":64,"map":0,"xadvance":19.1875,"xoffset":21.4195413961,"yoffset":13.0203993056,"scale":1,"range":8,"bounds":[6.02698863636,16.0980902778,15.1339285714,21.8611111111]},"97":{"id":97,"letter":"a","x":331,"y":265,"width":64,"height":64,"map":0,"xadvance":19.1875,"xoffset":22.5078125,"yoffset":24.78125,"scale":1,"range":8,"bounds":[1.296875,-0.34375,17.6875,14.78125]},"98":{"id":98,"letter":"b","x":397,"y":265,"width":64,"height":64,"map":0,"xadvance":19.1875,"xoffset":22.22265625,"yoffset":21.921875,"scale":1,"range":8,"bounds":[1.7890625,-0.34375,17.765625,20.5]},"99":{"id":99,"letter":"c","x":463,"y":265,"width":64,"height":64,"map":0,"xadvance":19.1875,"xoffset":21.9735576923,"yoffset":24.78125,"scale":1,"range":8,"bounds":[2.09375,-0.34375,17.9591346154,14.78125]},"100":{"id":100,"letter":"d","x":529,"y":265,"width":64,"height":64,"map":0,"xadvance":19.1875,"xoffset":22.0546875,"yoffset":21.921875,"scale":1,"range":8,"bounds":[1.40625,-0.34375,18.484375,20.5]},"101":{"id":101,"letter":"e","x":595,"y":265,"width":64,"height":64,"map":0,"xadvance":19.1875,"xoffset":22.53125,"yoffset":24.78125,"scale":1,"range":8,"bounds":[1.921875,-0.34375,17.015625,14.78125]},"102":{"id":102,"letter":"f","x":661,"y":265,"width":64,"height":64,"map":0,"xadvance":19.1875,"xoffset":22.6633226799,"yoffset":24.953125,"scale":1,"range":8,"bounds":[-1.53172348485,-6.484375,20.205078125,20.578125]},"103":{"id":103,"letter":"g","x":727,"y":265,"width":64,"height":64,"map":0,"xadvance":19.1875,"xoffset":22.2823487903,"yoffset":27.8515625,"scale":1,"range":8,"bounds":[1.45967741935,-6.484375,17.975625,14.78125]},"104":{"id":104,"letter":"h","x":793,"y":265,"width":64,"height":64,"map":0,"xadvance":19.1875,"xoffset":21.9375,"yoffset":21.75,"scale":1,"range":8,"bounds":[2.28125,0,17.84375,20.5]},"105":{"id":105,"letter":"i","x":859,"y":265,"width":64,"height":64,"map":0,"xadvance":19.1875,"xoffset":21.33203125,"yoffset":21.3671875,"scale":1,"range":8,"bounds":[3.984375,-0.34375,17.3515625,21.609375]},"106":{"id":106,"letter":"j","x":925,"y":265,"width":64,"height":64,"map":0,"xadvance":19.1875,"xoffset":23.0511771537,"yoffset":24.4375,"scale":1,"range":8,"bounds":[0.926942567568,-6.484375,16.970703125,21.609375]},"107":{"id":107,"letter":"k","x":1,"y":331,"width":64,"height":64,"map":0,"xadvance":19.1875,"xoffset":21.1363636364,"yoffset":21.75,"scale":1,"range":8,"bounds":[2.4375,0,19.2897727273,20.5]},"108":{"id":108,"letter":"l","x":67,"y":331,"width":64,"height":64,"map":0,"xadvance":19.1875,"xoffset":21.57421875,"yoffset":21.921875,"scale":1,"range":8,"bounds":[3.96875,-0.34375,16.8828125,20.5]},"109":{"id":109,"letter":"m","x":133,"y":331,"width":64,"height":64,"map":0,"xadvance":19.1875,"xoffset":22.15625,"yoffset":24.609375,"scale":1,"range":8,"bounds":[0.703125,0,18.984375,14.78125]},"110":{"id":110,"letter":"n","x":199,"y":331,"width":64,"height":64,"map":0,"xadvance":19.1875,"xoffset":22.0234375,"yoffset":24.609375,"scale":1,"range":8,"bounds":[1.953125,0,18,14.78125]},"111":{"id":111,"letter":"o","x":265,"y":331,"width":64,"height":64,"map":0,"xadvance":19.1875,"xoffset":22.2421875,"yoffset":24.78125,"scale":1,"range":8,"bounds":[1.765625,-0.34375,17.75,14.78125]},"112":{"id":112,"letter":"p","x":331,"y":331,"width":64,"height":64,"map":0,"xadvance":19.1875,"xoffset":23.5625,"yoffset":27.6796875,"scale":1,"range":8,"bounds":[-1.25,-6.140625,18.125,14.78125]},"113":{"id":113,"letter":"q","x":397,"y":331,"width":64,"height":64,"map":0,"xadvance":19.1875,"xoffset":21.9965625,"yoffset":27.6796875,"scale":1,"range":8,"bounds":[2.03125,-6.140625,17.975625,14.78125]},"114":{"id":114,"letter":"r","x":463,"y":331,"width":64,"height":64,"map":0,"xadvance":19.1875,"xoffset":22.0916819853,"yoffset":24.609375,"scale":1,"range":8,"bounds":[1.0625,0,18.7541360294,14.78125]},"115":{"id":115,"letter":"s","x":529,"y":331,"width":64,"height":64,"map":0,"xadvance":19.1875,"xoffset":22.4690524194,"yoffset":24.78125,"scale":1,"range":8,"bounds":[1.715625,-0.34375,17.3462701613,14.78125]},"116":{"id":116,"letter":"t","x":595,"y":331,"width":64,"height":64,"map":0,"xadvance":19.1875,"xoffset":22.15625,"yoffset":22.7265625,"scale":1,"range":8,"bounds":[2.40625,-0.34375,17.28125,18.890625]},"117":{"id":117,"letter":"u","x":661,"y":331,"width":64,"height":64,"map":0,"xadvance":19.1875,"xoffset":22.28125,"yoffset":24.953125,"scale":1,"range":8,"bounds":[1.84375,-0.34375,17.59375,14.4375]},"118":{"id":118,"letter":"v","x":727,"y":331,"width":64,"height":64,"map":0,"xadvance":19.1875,"xoffset":21.25,"yoffset":24.953125,"scale":1,"range":8,"bounds":[1.6875,-0.34375,19.8125,14.4375]},"119":{"id":119,"letter":"w","x":793,"y":331,"width":64,"height":64,"map":0,"xadvance":19.1875,"xoffset":21.25,"yoffset":24.953125,"scale":1,"range":8,"bounds":[0.75,-0.34375,20.75,14.4375]},"120":{"id":120,"letter":"x","x":859,"y":331,"width":64,"height":64,"map":0,"xadvance":19.1875,"xoffset":22.3203125,"yoffset":24.78125,"scale":1,"range":8,"bounds":[0.171875,0,19.1875,14.4375]},"121":{"id":121,"letter":"y","x":925,"y":331,"width":64,"height":64,"map":0,"xadvance":19.1875,"xoffset":22.15625,"yoffset":28.0159801136,"scale":1,"range":8,"bounds":[-0.125,-6.46946022727,19.8125,14.4375]},"122":{"id":122,"letter":"z","x":1,"y":397,"width":64,"height":64,"map":0,"xadvance":19.1875,"xoffset":22.3203125,"yoffset":24.78125,"scale":1,"range":8,"bounds":[1.390625,0,17.96875,14.4375]},"123":{"id":123,"letter":"{","x":67,"y":397,"width":64,"height":64,"map":0,"xadvance":19.1875,"xoffset":21.9921875,"yoffset":24.8203125,"scale":1,"range":8,"bounds":[3.34375,-6.140625,16.671875,20.5]},"124":{"id":124,"letter":"|","x":133,"y":397,"width":64,"height":64,"map":0,"xadvance":19.1875,"xoffset":22.2424899194,"yoffset":24.8203125,"scale":1,"range":8,"bounds":[5.54375,-6.484375,13.9712701613,20.84375]},"125":{"id":125,"letter":"}","x":199,"y":397,"width":64,"height":64,"map":0,"xadvance":19.1875,"xoffset":22.4296875,"yoffset":24.8203125,"scale":1,"range":8,"bounds":[2.84375,-6.140625,16.296875,20.5]},"126":{"id":126,"letter":"~","x":265,"y":397,"width":64,"height":64,"map":0,"xadvance":19.1875,"xoffset":21.912109375,"yoffset":22.921875,"scale":1,"range":8,"bounds":[2.60807291667,6.59375,17.5677083333,11.5625]}},"kerning":{}}